index,price
3766,1514685.53187
3767,1305263.35671
3768,1591853.07278
3769,616453.188243
3770,2354397.17844
3771,906546.464417
3772,2783643.51053
3773,3473209.94454
3774,3115022.50147
3775,1268301.36698
3776,711054.665088
3777,3172878.66511
3778,816133.427714
3779,1596162.6448
3780,2113136.44128
3781,1353143.9482
3782,2249112.66755
3783,2617890.0707
3784,1219249.48233
3785,962538.732687
3786,783506.840183
3787,802255.280846
3788,3064974.01818
3789,2132063.18715
3790,2579388.48188
3791,1886947.85789
3792,1469733.39646
3793,2575679.82757
3794,1792320.07627
3795,1884824.57376
3796,1504480.30753
3797,8087287.29396
3798,2171262.42697
3799,1224294.30003
3800,1846316.84082
3801,817467.322719
3802,1590725.37179
3803,4783860.10554
3804,1440066.97305
3805,1331643.84545
3806,830017.648008
3807,926627.547856
3808,1975225.44364
3809,1267813.29549
3810,1719510.99628
3811,914955.034632
3812,2326257.59985
3813,2108933.71087
3814,2878849.02567
3815,1972767.18863
3816,918154.677398
3817,1264009.38693
3818,2670763.2913
3819,2777822.43691
3820,767297.647392
3821,2965594.96871
3822,990232.272311
3823,947431.680048
3824,2896492.50963
3825,3093077.9269
3826,4317367.16393
3827,5838532.84254
3828,2117599.57828
3829,5138123.48221
3830,3850052.02152
3831,1015501.28238
3832,5176214.39003
3833,4915421.36171
3834,2118698.68136
3835,1408313.4672
3836,1964123.1445
3837,4188350.59674
3838,1077090.92415
3839,1684868.63034
3840,5279829.46464
3841,3259812.15276
3842,2809610.01102
3843,671118.776938
3844,950949.742963
3845,2117871.3548
3846,4473708.8193
3847,3222984.87765
3848,1243161.96501
3849,1910761.4919
3850,1122851.6631
3851,1950621.00275
3852,4710754.1937
3853,3501681.40003
3854,1094824.39383
3855,3015680.62663
3856,1003315.55453
3857,1861950.18911
3858,1651988.15634
3859,1309720.4342
3860,1056584.82469
3861,1114563.73623
3862,1909093.25098
3863,842162.16483
3864,895198.798702
3865,2140543.03063
3866,2681774.88339
3867,2825822.39924
3868,759168.651242
3869,1133269.08872
3870,1711633.16793
3871,3657581.49189
3872,1160104.30321
3873,809996.984746
3874,6220595.10053
3875,1158928.92121
3876,25858336.226
3877,2108768.36252
3878,1465488.03839
3879,1108772.71704
3880,3016905.32747
3881,994861.62691
3882,1649254.40436
3883,2624847.16229
3884,3079439.3418
3885,665978.691083
3886,1932037.34093
3887,1650929.88712
3888,5160302.92546
3889,765961.190209
3890,5758753.97441
3891,1671027.41799
3892,1172518.75037
3893,2112631.6616
3894,1003770.73668
3895,1689872.77216
3896,1944084.85746
3897,1270310.21252
3898,1143821.51534
3899,2392622.59239
3900,2529835.75542
3901,1935082.29621
3902,2509106.68687
3903,1206769.33919
3904,2096591.65031
3905,822432.425558
3906,1652327.57657
3907,2428092.89007
3908,1699812.86463
3909,1187966.98556
3910,2147908.9451
3911,1526976.56438
3912,1024269.35575
3913,2204939.99131
3914,941809.37831
3915,3055113.17212
3916,1062976.35823
3917,879096.13439
3918,3018194.38563
3919,1655903.9147
3920,1198582.57234
3921,1308272.58416
3922,1685176.25073
3923,718583.906319
3924,685269.173455
3925,2522352.00077
3926,878408.911968
3927,2543574.2619
3928,1561429.25026
3929,1283051.85454
3930,1522597.24136
3931,2068534.42823
3932,2918269.69477
3933,2543574.2619
3934,816942.714915
3935,1216399.45927
3936,3447436.9653
3937,834417.512554
3938,968218.079893
3939,1090046.66676
3940,1602303.90791
3941,1521001.18543
3942,1448448.98326
3943,1527516.69464
3944,1048808.23719
3945,3627356.00466
3946,819807.057536
3947,3372860.9669
3948,5641514.05184
3949,731837.961264
3950,2236865.51634
3951,1293531.01049
3952,1924932.9083
3953,1034990.27236
3954,990738.317951
3955,1267550.90889
3956,934518.236696
3957,1403462.20747
3958,1808649.94375
3959,2349426.79612
3960,1200088.39401
3961,1643729.00842
3962,889988.016162
3963,1197819.20692
3964,2135094.24664
3965,2779051.74563
3966,1045608.17464
3967,1256327.39329
3968,898883.421063
3969,1352600.39155
3970,1357980.05657
3971,1846439.99214
3972,738226.267019
3973,2797267.15072
3974,854213.186764
3975,862469.117356
3976,1166106.82164
3977,971925.362811
3978,7004345.39985
3979,2624680.50433
3980,717214.16201
3981,2588335.6845
3982,6264425.52501
3983,1756635.08942
3984,1495612.59153
3985,1496800.27775
3986,1243204.80687
3987,3699583.96463
3988,1312240.56372
3989,2786248.69107
3990,1618073.81438
3991,2145117.73706
3992,696333.956711
3993,1714194.85142
3994,3987109.21702
3995,1109589.68321
3996,6545302.79491
3997,977085.639589
3998,592709.225687
3999,7108535.12704
4000,3124384.7011
4001,826833.213553
4002,1049376.6091
4003,2525699.69011
4004,1551927.37512
4005,5710244.31964
4006,1080167.29974
4007,1745342.87245
4008,3879590.70515
4009,1025269.7306
4010,3235722.04248
4011,1660979.87179
4012,2081792.01535
4013,1179613.70098
4014,1538586.22144
4015,924070.092054
4016,1073349.75312
4017,1150315.36459
4018,599630.916319
4019,1877324.64537
4020,1039995.24214
4021,2760606.35323
4022,814623.178456
4023,968589.609653
4024,2248096.18452
4025,1486707.62855
4026,967737.815854
4027,1276321.11873
4028,1574327.32903
4029,851108.385644
4030,4186220.37751
4031,3807248.58504
4032,2948489.80247
4033,6862333.63276
4034,1825685.67078
4035,1254103.43861
4036,860471.652144
4037,3823540.56803
4038,811821.492055
4039,527773.057232
4040,1347811.6541
4041,555464.512445
4042,1046517.52174
4043,782303.933529
4044,1827333.5059
4045,1998090.63068
4046,2742861.02769
4047,2386333.28082
4048,999347.869495
4049,2104828.10665
4050,3957727.5137
4051,4091584.46796
4052,1603524.16141
4053,6519854.27394
4054,830069.366141
4055,1025475.16788
4056,1057511.12968
4057,1353929.07148
4058,2393646.4913
4059,1934221.01125
4060,3051351.42154
4061,2252412.56735
4062,648490.751028
4063,803639.884872
4064,1747688.15217
4065,955787.200677
4066,929595.183319
4067,1496975.40383
4068,1674295.63286
4069,1379393.13651
4070,828665.406839
4071,797209.209101
4072,763770.476522
4073,571111.95459
4074,1746873.44346
4075,2398377.0343
4076,3544601.47313
4077,1074858.84075
4078,1480212.57433
4079,21175273.3737
4080,1851113.06064
4081,2916776.48584
4082,804682.472341
4083,2497964.49947
4084,1248988.67135
4085,1450821.1155
4086,1258032.55248
4087,6471746.83891
4088,1427144.4416
4089,1095388.24279
4090,942489.275251
4091,1882434.18761
4092,866693.037207
4093,2773608.67738
4094,2498268.3698
4095,2442489.45933
4096,1226170.51123
4097,4521170.45404
4098,1237454.25953
4099,1094329.23477
4100,2984795.57642
4101,2030594.55598
4102,790036.125435
4103,1822687.01679
4104,4002492.33266
4105,835972.152232
4106,791180.261087
4107,2714022.73374
4108,891997.182404
4109,548177.122597
4110,2560889.51454
4111,2534541.1698
4112,3522569.93386
4113,502111.974047
4114,1407940.72517
4115,2912199.09988
4116,1176983.49438
4117,1260678.77155
4118,1508906.66883
4119,2854288.90747
4120,3381285.31668
4121,1343303.22723
4122,1169794.98052
4123,1763071.02977
4124,1076284.03471
4125,1453769.81047
4126,1379584.01612
4127,8073816.13121
4128,2524971.11604
4129,497741.552864
4130,946704.097075
4131,2677822.93676
4132,717667.309599
4133,3664847.15807
4134,1135054.5597
4135,1089654.45814
4136,4543429.54617
4137,1051237.18689
4138,8820304.81993
4139,3092949.8313
4140,2476147.26891
4141,2986046.07635
4142,940984.193327
4143,963961.594031
4144,4869154.2447
4145,3228527.52608
4146,2902531.55123
4147,1620200.31064
4148,2132616.26363
4149,1922765.5717
4150,4598279.29179
4151,1588422.00778
4152,1677740.0302
4153,1653928.92547
4154,589511.696518
4155,767279.115648
4156,2960340.86445
4157,1687411.33266
4158,3173460.72872
4159,1169133.6706
4160,1152616.12481
4161,2326427.93895
4162,1861821.56933
4163,2211879.05988
4164,1501489.59702
4165,1150315.3639
4166,1484572.00616
4167,1529983.12519
4168,2711446.42077
4169,2300100.30442
4170,1017689.08166
4171,745353.996252
4172,2616360.43321
4173,1973141.4157
4174,1197891.81196
4175,1574757.60444
4176,1093374.87245
4177,4460286.84045
4178,4656158.94313
4179,1571901.17225
4180,2657626.3521
4181,810311.802231
4182,1249410.6669
4183,7001007.53767
4184,1706006.73861
4185,954675.69313
4186,1075969.38087
4187,4465365.64317
4188,2781989.54741
4189,942853.271221
4190,1047276.17806
4191,1264981.24696
4192,2117732.23384
4193,1271802.17781
4194,1677967.19962
4195,1399249.72587
4196,1299704.58533
4197,1772820.06824
4198,1109173.76268
4199,5141949.43891
4200,5627604.5074
4201,983451.010759
4202,1515122.72596
4203,2954235.27652
4204,1600277.75866
4205,2202804.8561
4206,1931769.96548
4207,2469082.39216
4208,3389151.45902
4209,1383894.06942
4210,735815.622251
4211,1784269.87264
4212,2092352.13945
4213,1355582.75924
4214,4831544.98237
4215,969120.165769
4216,1515324.4796
4217,944125.059164
4218,1431339.44681
4219,2070479.68631
4220,1864904.57668
4221,921175.784364
4222,6807802.89076
4223,3957904.54609
4224,1524606.90138
4225,708339.822834
4226,793260.272776
4227,7311410.32915
4228,2016345.01298
4229,668499.243096
4230,2734621.53913
4231,4518808.03586
4232,3242107.37893
4233,2782393.95136
4234,976417.871751
4235,2505197.57918
4236,2597474.76484
4237,1406678.0863
4238,2032110.15818
4239,1514424.03863
4240,975927.888288
4241,1755069.70753
4242,955517.047453
4243,2869195.36166
4244,2617162.33624
4245,2202568.19188
4246,1111801.79727
4247,1259211.87001
4248,1448921.06988
4249,2459339.21147
4250,1299364.90524
4251,1641723.40927
4252,952189.931535
4253,1170733.23237
4254,1725640.97064
4255,966324.932453
4256,1643154.75147
4257,2225690.54051
4258,1179280.08251
4259,1652257.24959
4260,2572605.94271
4261,2051751.74932
4262,821060.587053
4263,7517223.53805
4264,3606835.08625
4265,9106833.12774
4266,5285330.13462
4267,2253454.31012
4268,3193085.55799
4269,1928136.12189
4270,3105273.76138
4271,2751434.10534
4272,1046845.80644
4273,2405882.8965
4274,1412727.89731
4275,1977035.98498
4276,1068715.45928
4277,2507338.91793
4278,1111978.54825
4279,1920319.67684
4280,1420543.40161
4281,825455.068406
4282,729391.516541
4283,5193542.20835
4284,5725380.16159
4285,1657496.52622
4286,2054549.85126
4287,6989394.32405
4288,1653872.01076
4289,5582087.25028
4290,1690874.82818
4291,2235757.83397
4292,770279.271385
4293,1448892.69568
4294,1441393.8181
4295,1113254.513
4296,1672135.33953
4297,5291665.62017
4298,1256770.01514
4299,1071466.15453
4300,550073.425993
4301,3543634.0017
4302,797370.189013
4303,2259800.45219
4304,2177634.83865
4305,3224809.12915
4306,2904435.13507
4307,2418674.54148
4308,806905.004156
4309,1380036.14256
4310,2817344.73051
4311,3191962.76865
4312,1118756.31091
4313,710444.22903
4314,1907741.97625
4315,4268798.37346
4316,960045.31742
4317,1050509.66167
4318,4065474.39159
4319,1942789.69374
4320,840645.591757
4321,806222.669661
4322,871554.184956
4323,3038651.65242
4324,3738835.27168
4325,1013257.02498
4326,1768771.51778
4327,1220010.34785
4328,618364.996137
4329,2165387.79667
4330,1420440.92146
4331,2596811.15033
4332,2800172.13629
4333,3297213.84307
4334,1101888.78695
4335,1101708.14709
4336,1332818.32431
4337,1737180.73417
4338,1350377.13949
4339,854117.304689
4340,2437344.24735
4341,3292841.97583
4342,5678024.91039
4343,2745510.4906
4344,906180.083834
4345,1273335.04915
4346,768430.346456
4347,2965774.40739
4348,1443015.94836
4349,754130.220938
4350,1053197.97681
4351,1604819.72962
4352,821931.793256
4353,1241803.21039
4354,1370882.46024
4355,2205588.76568
4356,1432675.68279
4357,1861154.67546
4358,673569.305004
4359,1536857.72052
4360,3806524.2632
4361,7145916.57139
4362,7336353.07583
4363,7291712.8528
4364,2288914.62349
4365,1592083.55716
4366,1383940.37053
4367,1081349.58477
4368,845855.656692
4369,941076.986784
4370,1308006.37679
4371,1580786.49187
4372,1140731.7109
4373,1497560.30836
4374,642615.582757
4375,873244.982598
4376,884969.278679
4377,2782079.69638
4378,8296477.80364
4379,4052095.30842
4380,8338570.55298
4381,1436355.58038
4382,849048.737496
4383,920591.127
4384,1875126.46181
4385,1441904.72089
4386,841885.868353
4387,1960048.77323
4388,1020887.73551
4389,3772178.77041
4390,1201497.52755
4391,3252014.65387
4392,2603140.98618
4393,1008561.36366
4394,1364816.96864
4395,2476904.96943
4396,2007037.5147
4397,970045.496942
4398,897588.958748
4399,2625028.52372
4400,1245137.16268
4401,965303.897951
4402,1396723.25428
4403,1056379.98623
4404,1275914.36932
4405,2757611.50916
4406,6586566.76398
4407,1053063.70536
4408,915899.858884
4409,2267963.12673
4410,815740.097091
4411,1015361.43893
4412,1389643.02162
4413,2913278.05895
4414,996872.566111
4415,1276293.78396
4416,2156074.23617
4417,949396.008251
4418,2796134.40738
4419,10113891.8397
4420,2793900.95954
4421,2385811.59405
4422,2061843.65901
4423,871708.848048
4424,2580864.01637
4425,1027647.61496
4426,874302.080433
4427,2709819.28342
4428,1336592.74706
4429,1524038.0625
4430,1002276.31692
4431,637189.520064
4432,543744.52052
4433,1379939.15483
4434,4691253.4989
4435,881761.048265
4436,1801692.37606
4437,1383664.07929
4438,1447191.21297
4439,2741153.17592
4440,563871.473257
4441,3042847.78421
4442,2734601.33701
4443,2899550.44856
4444,2924809.29913
4445,2508871.39259
4446,1587669.03993
4447,1595866.25142
4448,3241329.15468
4449,1862611.33585
4450,830255.020471
4451,1395026.19547
4452,2876681.82824
4453,2855173.31217
4454,1430328.14744
4455,671033.144701
4456,1275267.39661
4457,1910484.69383
4458,936011.82975
4459,1895037.41011
4460,1377054.04204
4461,1547937.25117
4462,994680.681787
4463,1853297.7389
4464,1449058.80497
4465,3068602.75079
4466,2340599.91846
4467,1264437.79863
4468,1688534.74163
4469,1201301.21461
4470,1423091.65868
4471,1534922.94548
4472,3207455.94882
4473,1274837.45116
4474,9303158.88303
4475,1282890.62554
4476,1476468.36636
4477,1203740.09584
4478,1295234.09906
4479,1450072.07447
4480,1154613.10156
4481,4398335.98621
4482,961145.367698
4483,1263942.30987
4484,1100010.03466
4485,2444711.40754
4486,1268428.9927
4487,1340076.37288
4488,1458658.94083
4489,1147291.00959
4490,637290.206926
4491,661159.368659
4492,2894952.9653
4493,548325.037612
4494,1734139.43072
4495,2136605.7755
4496,1604480.17793
4497,2317777.50914
4498,1101962.35413
4499,1859855.51733
4500,687568.601966
4501,1228490.95718
4502,935789.398562
4503,2379701.00209
4504,1246885.14396
4505,743710.065249
4506,2413918.30272
4507,626663.888494
4508,1472582.0481
4509,2748091.53593
4510,2792883.65866
4511,846730.721723
4512,1635835.52828
4513,3177135.07268
4514,858559.271678
4515,920252.279768
4516,1770473.47798
4517,2947702.72334
4518,629775.307225
4519,4278786.77787
4520,6011600.11327
4521,539795.640444
4522,641463.612262
4523,851929.546264
4524,919170.873743
4525,6067852.07903
4526,843017.204575
4527,1633213.71063
4528,1568263.36944
4529,1359762.75396
4530,3664037.39957
4531,1872998.00948
4532,1264302.82658
4533,4922242.64493
4534,924632.887543
4535,888687.339132
4536,3374644.48601
4537,931580.501027
4538,2125811.09225
4539,4108996.25034
4540,931936.343018
4541,786309.005243
4542,808843.701959
4543,903118.836301
4544,751957.18917
4545,984294.178369
4546,3756483.14223
4547,558411.28449
4548,903278.958722
4549,3918760.70387
4550,1714749.9641
4551,1050490.88425
4552,2568999.81156
4553,1316157.17039
4554,1522113.24047
4555,3822747.52988
4556,1635146.46996
4557,1084307.25841
4558,1314987.85651
4559,1903162.9325
4560,2178139.27272
4561,807221.461121
4562,2776290.88978
4563,878213.174217
4564,2011475.91195
4565,815862.437596
4566,687430.352139
4567,1079752.00401
4568,1092636.0695
4569,762664.964919
4570,1374920.16573
4571,5506056.67042
4572,1422551.43267
4573,1653942.90311
4574,2342345.2424
4575,1568364.91455
4576,903965.62398
4577,815281.334899
4578,2956382.6877
4579,1878124.87656
4580,2098491.53928
4581,1181057.20963
4582,2923365.14764
4583,1121276.85926
4584,2282793.06474
4585,3535378.47068
4586,998914.580083
4587,8932947.36235
4588,1246059.16986
4589,1280085.48894
4590,1123715.84896
4591,1221997.23273
4592,1194982.89917
4593,942569.437135
4594,3049407.34187
4595,1035958.96572
4596,1038762.18959
4597,1836735.0737
4598,2069370.11142
4599,3129754.7177
4600,1061487.87338
4601,1020618.79258
4602,1350325.9118
4603,1845678.05139
4604,2603702.87826
4605,1916819.28924
4606,1080224.59868
4607,1067445.7724
4608,1170400.41032
4609,942569.437135
4610,945855.651239
4611,3368318.08667
4612,1113884.6518
4613,995697.534362
4614,14561409.5444
4615,1052932.56911
4616,2718216.76608
4617,3251519.76411
4618,2049801.43348
4619,790982.022716
4620,1914935.98292
4621,2914239.43859
4622,2412199.63503
4623,1466340.60933
4624,1529026.82877
4625,5681752.94964
4626,1805926.99793
4627,1653538.65151
4628,849674.870524
4629,2958067.46653
4630,1477259.8016
4631,910146.801711
4632,1360230.93636
4633,1165178.09966
4634,776625.927956
4635,7089306.17993
4636,896615.073259
4637,932360.79136
4638,1252907.72219
4639,2828632.58537
4640,1442581.49012
4641,1012865.03318
4642,1210859.29514
4643,594191.766002
4644,1294477.14204
4645,722077.78029
4646,966523.731431
4647,3761626.86809
4648,1044208.94642
4649,1064149.8837
4650,1737689.91245
4651,1524233.88194
4652,4256950.64251
4653,1254738.71299
4654,1143894.0751
4655,2667365.51333
4656,1106283.39843
4657,901654.465134
4658,2096713.1518
4659,768429.265155
4660,1791993.69026
4661,1322941.76112
4662,7397224.89126
4663,1195007.85634
4664,3306174.8442
4665,1140567.81141
4666,2152136.34237
4667,943564.877503
4668,2208297.97147
4669,1201853.03714
4670,876042.667456
4671,4726252.59987
4672,816074.214056
4673,2195249.46957
4674,2103769.53634
4675,851445.848134
4676,1356446.54375
4677,1141725.63722
4678,1591734.78873
4679,1758114.39067
4680,2061253.20648
4681,1660121.46954
4682,936419.384674
4683,1151312.81822
4684,1180928.76302
4685,2598415.53603
4686,1559363.5562
4687,1442540.88988
4688,1407198.94182
4689,1444802.58048
4690,1047796.98628
4691,1167704.41863
4692,844780.35299
4693,7269653.28615
4694,795273.650022
4695,4492228.09778
4696,2406495.32908
4697,1268744.82948
4698,2129422.26189
4699,1224129.47702
4700,801545.763034
4701,1122500.11506
4702,1590364.59686
4703,1173110.56502
4704,1588203.22068
4705,2337394.64081
4706,939916.657518
4707,1448002.82451
4708,1609061.79604
4709,898179.421055
4710,1011063.26013
4711,638596.821646
4712,1976244.6041
4713,711589.28425
4714,1083894.32615
4715,935056.950343
4716,2302843.711
4717,1599257.87669
4718,2072203.17561
4719,2666221.11909
4720,515161.619179
4721,986963.643374
4722,1162825.79165
4723,7057615.29928
4724,1353893.64124
4725,870622.333407
4726,766991.016736
4727,947395.419539
4728,577625.680924
4729,1352084.30944
4730,846779.275382
4731,942216.990149
4732,3131628.04824
4733,1450432.88553
4734,11649364.0647
4735,903963.410651
4736,577631.774374
4737,1185191.39286
4738,2932178.14812
4739,1743492.16631
4740,592059.858655
4741,1759181.15389
4742,552139.670033
4743,583898.443158
4744,1809527.173
4745,2210356.68399
4746,1046469.31392
4747,1851568.34094
4748,808623.033679
4749,796451.919265
4750,1391175.6098
4751,729287.487789
4752,736211.733327
4753,1399313.05938
4754,1354151.7414
4755,1263861.83009
4756,1113355.64698
4757,840277.342829
4758,876144.476431
4759,896973.900572
4760,2869665.72656
4761,1301239.24495
4762,3650629.02297
4763,1822700.58408
4764,953134.961726
4765,1356094.20221
4766,2440907.42717
4767,3041792.77153
4768,5479018.39286
4769,1060570.39413
4770,1553608.98379
4771,794153.527388
4772,2784977.88477
4773,1389393.96567
4774,4725131.42814
4775,1472723.26051
4776,1198350.74063
4777,742040.687237
4778,1223696.67059
4779,706392.850997
4780,1589943.44751
4781,1569752.96443
4782,1536643.44553
4783,1596829.80314
4784,1633151.63078
4785,3664253.67904
4786,718415.545048
4787,3206303.81376
4788,969117.680766
4789,2421435.20122
4790,1521453.64438
4791,890708.729184
4792,838918.398293
4793,1756192.45764
4794,1485913.31577
4795,1082365.09656
4796,1342848.14685
4797,1022786.23507
4798,975131.748909
4799,2118043.70769
4800,2533826.87476
4801,962557.65741
4802,1237584.35102
4803,1761192.30789
4804,635071.894248
4805,1593582.08509
4806,1146935.93955
4807,992367.651615
4808,1775879.31063
4809,1977185.16554
4810,802355.821806
4811,2137697.20826
4812,1143206.58558
4813,1389266.53231
4814,716569.176928
4815,628245.647452
4816,1272216.82442
4817,1430947.56232
4818,932137.229909
4819,955727.2615
4820,11247288.5261
4821,1482937.99749
4822,2802919.32735
4823,1699559.28294
4824,905631.673962
4825,844093.589662
4826,1630853.92331
4827,1411192.53213
4828,1243202.11509
4829,936692.552835
4830,3712877.69387
4831,1567699.98637
4832,956732.81149
4833,1229182.07349
4834,1457049.98742
4835,1035796.46085
4836,1407686.66225
4837,664554.333027
4838,2208162.39479
4839,2528949.82548
4840,1383615.04834
4841,2753600.10906
4842,998065.361395
4843,7864681.48303
4844,1344855.20764
4845,15913001.1206
4846,783235.827747
4847,1297110.42843
4848,2920602.37206
4849,1507313.05295
4850,1084813.34301
4851,887030.42149
4852,1426206.62968
4853,810733.494317
4854,1067939.44711
4855,7385147.65416
4856,5286200.25385
4857,2721461.06959
4858,5143131.42546
4859,958190.364996
4860,774185.326786
4861,887276.140562
4862,705084.117101
4863,914803.572954
4864,936865.927127
4865,1513808.43024
4866,2174524.24474
4867,1623199.04011
4868,2464539.74245
4869,1294212.43951
4870,1491457.09654
4871,955879.83457
4872,598865.781691
4873,4428721.35754
4874,722888.517318
4875,850531.640943
4876,796715.347449
4877,1741886.90977
4878,1689513.27662
4879,1283584.53202
4880,2223504.49287
4881,1774835.37026
4882,10381969.4756
4883,1471410.76228
4884,1358107.45782
4885,896515.927146
4886,999459.124385
4887,3656372.49982
4888,1229715.65756
4889,1837180.9329
4890,897526.519384
4891,781047.272418
4892,2667153.83027
4893,2515781.53014
4894,2180879.47703
4895,13153003.895
4896,2240679.77948
4897,3784272.33274
4898,1631977.07489
4899,2488371.96352
4900,808787.712919
4901,1724024.9046
4902,6743392.17884
4903,659085.691641
4904,3182498.37931
4905,1417762.23129
4906,1238977.83902
4907,3088199.60101
4908,1462678.75109
4909,943332.425633
4910,2381568.78205
4911,2368789.12693
4912,1818601.45749
4913,2293423.93952
4914,1532332.38332
4915,2364789.24459
4916,1742580.79535
4917,3100489.15644
4918,2094291.24159
4919,472510.648179
4920,1757554.98416
4921,1551609.56801
4922,810734.936781
4923,2124593.94895
4924,1537292.83808
4925,871593.020405
4926,906578.005266
4927,822078.272619
4928,2053516.71074
4929,1415638.26948
4930,924951.824794
4931,1581361.84604
4932,1682522.27438
4933,1258105.17998
4934,862238.565077
4935,1023076.42624
4936,851593.523972
4937,1222066.79486
4938,1033626.74546
4939,1615992.7077
4940,1573554.90285
4941,1571759.74804
4942,1082202.15488
4943,1404527.42136
4944,1224701.55075
4945,2305499.84585
4946,806069.274786
4947,1008748.48115
4948,1393597.76046
4949,2561177.56994
4950,1626064.16317
4951,4443764.46624
4952,1445784.37534
4953,3825095.32341
4954,1868951.04109
4955,2134749.34655
4956,1803367.52782
4957,809756.583336
4958,2325596.06497
4959,1164991.26455
4960,2333018.14949
4961,2624621.03648
4962,1608284.05377
4963,1899166.25703
4964,1159076.86704
4965,1831783.16316
4966,3663736.85304
4967,2250010.81076
4968,3220019.86251
4969,1138007.59146
4970,2736620.88374
4971,963042.115327
4972,716763.985179
4973,1584865.11524
4974,1001044.68473
4975,1454085.55564
4976,1323155.74761
4977,3914007.01776
4978,5314668.04542
4979,1091105.50795
4980,1695536.75449
4981,3232388.16581
4982,1608623.90716
4983,2389498.59129
4984,1342416.88473
4985,1071040.97275
4986,1469780.8587
4987,2148647.58763
4988,1034861.91752
4989,1432734.78357
4990,1132015.04225
4991,1523177.83362
4992,3040484.31905
4993,1254822.44429
4994,557241.812332
4995,1750542.34687
4996,570986.210173
4997,1149327.95587
4998,1703732.05489
4999,10155741.0599
5000,2804994.86697
5001,601782.610572
5002,662534.051704
5003,2274211.47134
5004,945168.114621
5005,1939749.16305
5006,807170.359291
5007,983521.968676
5008,3268628.53395
5009,3325553.1299
5010,3440671.2049
5011,1077464.55711
5012,1520600.71908
5013,2565075.3737
5014,973251.202249
5015,1509713.60865
5016,2788152.97297
5017,2720387.99263
5018,745991.199946
5019,1826898.6254
5020,2085270.64388
5021,2530879.39971
5022,3027464.9024
5023,1453917.75039
5024,1363542.34263
5025,4254314.39279
5026,627798.182011
5027,1161174.14643
5028,893685.440293
5029,1309701.30562
5030,1873982.69232
5031,1064104.98865
5032,857663.85466
5033,731362.905809
5034,660644.734352
5035,3842314.18687
5036,2682222.20153
5037,981443.967967
5038,841221.794448
5039,1306859.5236
5040,817497.179243
5041,1302630.09515
5042,6797360.51802
5043,623176.894538
5044,1356992.63297
5045,1094426.01781
5046,742487.964131
5047,890339.227118
5048,936057.925871
5049,1295927.96597
5050,1077919.87171
5051,922183.864295
5052,650072.934545
5053,1058529.95896
5054,852420.891256
5055,1313692.62693
5056,2262669.53319
5057,1085619.63669
5058,923596.763179
5059,749412.989381
5060,1531942.73438
5061,978929.03447
5062,4139746.91872
5063,981998.495411
5064,913618.625832
5065,1138177.86757
5066,5327888.6826
5067,736362.944613
5068,4491783.94047
5069,608674.851705
5070,1633446.56883
5071,1404844.11677
5072,1031032.80853
5073,770396.105907
5074,1779805.34641
5075,679020.501432
5076,1987018.15189
5077,1968169.76575
5078,5360197.83534
5079,4744462.18689
5080,4422506.98418
5081,1143704.28472
5082,1365424.29739
5083,6618115.62348
5084,1095433.90836
5085,1262624.88751
5086,1183333.52147
5087,1055936.37323
5088,1153467.08124
5089,653632.358519
5090,1536463.92338
5091,1789757.40197
5092,737221.239231
5093,818171.232848
5094,606631.954175
5095,879797.172419
5096,847849.381095
5097,919504.535103
5098,1546110.86939
5099,1546237.57931
5100,1907637.70592
5101,6273477.65675
5102,1162103.96919
5103,1125328.74425
5104,1606361.44466
5105,1007466.46834
5106,1399328.15446
5107,847302.611889
5108,1277004.65321
5109,638381.290702
5110,805453.365573
5111,1476081.89677
5112,1099678.89304
5113,1411960.07218
5114,1570629.07064
5115,3225194.74755
5116,1046866.83594
5117,572204.206899
5118,3435761.32806
5119,816009.873995
5120,1554504.94666
5121,4220359.36028
5122,665675.835696
5123,1311212.60098
5124,916709.458874
5125,554312.589823
5126,2387770.33838
5127,1838093.94007
5128,1451760.04221
5129,970191.072293
5130,1367892.83311
5131,3442839.56721
5132,1878562.81508
5133,1205028.01651
5134,3738205.90946
5135,1340214.64108
5136,1324010.50939
5137,1398139.12738
5138,1434065.32464
5139,1146378.83816
5140,879009.407377
5141,1020368.54632
5142,2612773.83872
5143,915290.771045
5144,1554189.01975
5145,3076173.93043
5146,1064047.75124
5147,754005.185186
5148,587552.001364
5149,1006601.20684
5150,3962841.94259
5151,1080270.41296
5152,1422897.85704
5153,4813587.2172
5154,560287.003049
5155,828440.421332
5156,845170.477488
5157,1370337.47857
5158,1532535.93205
5159,2762976.22507
5160,1109974.68051
5161,890600.666443
5162,2185272.42203
5163,1113717.80457
5164,2055989.86342
5165,2026535.03611
5166,1311628.07412
5167,2182311.98765
5168,4477287.57213
5169,1445233.60021
5170,5414334.29484
5171,1187126.8893
5172,1210621.6898
5173,797089.863658
5174,1673352.38291
5175,1759917.30141
5176,1336018.94861
5177,1310903.26036
5178,9588801.15005
5179,1313278.58365
5180,1417381.29298
5181,3835182.98421
5182,3690365.24152
5183,9148851.59605
5184,2919717.96585
5185,2446452.18194
5186,1093393.26726
5187,1535044.91014
5188,1014160.90832
5189,1248613.0677
5190,1837298.44645
5191,902880.487731
5192,1381221.29633
5193,5912403.98639
5194,901182.492333
5195,3616447.6503
5196,2896635.99689
5197,984506.544671
5198,2013250.71324
5199,779163.424298
5200,1026224.09289
5201,1543656.07924
5202,824303.872637
5203,2688447.98715
5204,2244854.29453
5205,2476756.30103
5206,1345143.80782
5207,1149091.25793
5208,2340759.84591
5209,2030858.35806
5210,843186.532132
5211,963136.070861
5212,2057589.63153
5213,816202.962022
5214,958867.859458
5215,795450.066657
5216,1166475.8541
5217,895518.59992
5218,1847419.24516
5219,760755.370433
5220,1098721.04454
5221,2876935.96706
5222,1013905.44156
5223,834162.78408
5224,1556234.63069
5225,728140.813195
5226,1536749.91737
5227,1251264.92067
5228,1352453.98626
5229,1792710.11668
5230,1876844.42813
5231,636673.580559
5232,579955.994723
5233,1185724.2468
5234,3120895.32342
5235,2419160.4517
5236,3184125.4727
5237,1394854.66305
5238,2496350.21893
5239,709911.594493
5240,1023301.83268
5241,2798126.34589
5242,850254.884937
5243,947850.850545
5244,1103997.12711
5245,554393.20962
5246,2452617.76415
5247,7008207.41236
5248,7076481.44211
5249,1155593.00383
5250,575212.395795
5251,1336210.4379
5252,1435555.04831
5253,3484312.84757
5254,1882086.36862
5255,3926232.94562
5256,1234035.57723
5257,1558742.38122
5258,2743311.02628
5259,3385830.41759
5260,1356572.708
5261,753976.087884
5262,1268590.71474
5263,978136.312337
5264,2618491.61859
5265,2734927.38359
5266,2866532.31962
5267,1164050.34923
5268,920718.282617
5269,959131.042082
5270,3537516.94053
5271,831114.731799
5272,1034649.40703
5273,1186938.52365
5274,784947.785752
5275,2370725.987
5276,1587232.11922
5277,1367600.52296
5278,1174963.97949
5279,1133542.59758
5280,2379114.07751
5281,694804.331582
5282,1822684.71477
5283,839328.825167
5284,2277205.769
5285,1438992.53699
5286,1282484.05871
5287,1726946.09335
5288,1362922.70369
5289,1299586.887
5290,6763742.5706
5291,2217123.47806
5292,925692.331064
5293,822677.859511
5294,1277463.23424
5295,2625863.35105
5296,1306730.71429
5297,1189528.72289
5298,2227947.71258
5299,836241.817253
5300,981648.460585
5301,773126.033553
5302,4755538.37796
5303,1945503.73957
5304,1014873.99555
5305,974427.083161
5306,812394.188674
5307,579106.346696
5308,535468.29406
5309,5040623.25455
5310,1247779.01515
5311,3338565.47103
5312,3084471.48514
5313,1572758.69712
5314,906691.453867
5315,597274.136021
5316,1117227.75589
5317,1200571.00156
5318,1406974.47492
5319,2824401.82663
5320,2335659.37858
5321,1326997.00533
5322,2837348.84884
5323,1066947.90814
5324,1766890.85182
5325,832621.062457
5326,895814.027402
5327,13077790.7929
5328,915088.210311
5329,1529359.50217
5330,1637108.30031
5331,762764.305583
5332,728524.832736
5333,2633031.08259
5334,1444145.15021
5335,978252.07135
5336,1028405.25739
5337,1823607.5225
5338,4194062.72978
5339,1260959.72099
5340,752402.14013
5341,1275272.53333
5342,1149126.75424
5343,2573686.57646
5344,4041642.66141
5345,1601565.65222
5346,3070181.06304
5347,3492362.04385
5348,883168.781818
5349,1818779.29077
5350,2990270.25447
5351,1557598.82471
5352,890404.943749
5353,1589911.12776
5354,2203717.86261
5355,2778493.28027
5356,1399938.01082
5357,1580110.6161
5358,1200342.37319
5359,3310110.29597
5360,1603233.08424
5361,774606.362705
5362,2287874.42404
5363,1671662.84026
5364,961138.741847
5365,1902797.35255
5366,1155857.23751
5367,1886290.73408
5368,1018805.12494
5369,1163482.03879
5370,4299239.82963
5371,1786669.48657
5372,940818.48454
5373,1589781.87391
5374,857107.554753
5375,2790709.77056
5376,945577.779924
5377,1135806.16022
5378,935248.056691
5379,897280.733147
5380,1325422.51929
5381,1368610.58629
5382,1416062.4075
5383,1416599.09821
5384,1759193.15938
5385,1597772.1429
5386,903466.361827
5387,887852.198445
5388,1359420.00396
5389,871305.645359
5390,908195.286297
5391,2328429.09172
5392,869669.248698
5393,2080627.71782
5394,946269.032281
5395,3617155.00108
5396,2333037.46553
5397,1866650.47871
5398,2669418.95758
5399,2462727.67653
5400,1181102.73477
5401,841126.308529
5402,1154345.81032
5403,5566360.67338
5404,2216875.19401
5405,5874500.00341
5406,938165.402169
5407,1231811.1339
5408,5661623.57902
5409,933046.315634
5410,1978874.85102
5411,1003443.86379
5412,3541018.94647
5413,1358044.00346
5414,4875903.11788
5415,3602794.04997
5416,1067768.61141
5417,983739.879609
5418,1031626.30733
5419,1367492.90565
5420,1991418.85001
5421,1013760.06517
5422,1051657.73103
5423,1479975.86903
5424,609489.893876
5425,2167257.09992
5426,1067815.57141
5427,2177393.19911
5428,1116151.84766
5429,830283.781529
5430,698096.201525
5431,1397769.71781
5432,2233537.52435
5433,2934637.36967
5434,727378.601691
5435,1464737.93595
5436,1007564.08121
5437,2452474.65564
5438,1199936.3865
5439,1379402.07215
5440,1076543.16726
5441,2320421.39823
5442,1593357.80601
5443,1793572.19661
5444,2876270.18184
5445,1409947.92958
5446,1539551.69122
5447,802010.640931
5448,841234.704544
5449,2713772.90144
5450,555717.855958
5451,774252.164196
5452,1407972.79635
5453,2363810.05182
5454,2438962.47749
5455,822251.868663
5456,2584341.01196
5457,1356396.54566
5458,849813.18592
5459,828878.57053
5460,1205486.63786
5461,761956.475425
5462,787614.306826
5463,893557.483854
5464,1800317.4317
5465,1541308.30655
5466,902973.740767
5467,2646977.20238
5468,3130526.61805
5469,2405109.91138
5470,1526413.29129
5471,1762903.00195
5472,863801.553214
5473,1839623.93298
5474,1278091.47578
5475,1054703.24322
5476,3027943.36169
5477,1313520.06909
5478,2806871.84164
5479,1608684.61
5480,862979.027229
5481,6695811.39604
5482,6358278.27178
5483,1726575.67221
5484,2503446.23277
5485,1225768.66801
5486,2422169.12425
5487,6415424.75867
5488,5292392.58937
5489,1474971.62874
5490,1009165.13027
5491,2638734.45758
5492,2715639.68657
5493,1139416.00066
5494,1242699.47258
5495,2628223.93414
5496,997949.594807
5497,829079.079544
5498,1422933.29026
5499,2646492.55596
5500,788259.468472
5501,1051123.06266
5502,5024516.41746
5503,2908958.16423
5504,1853060.68115
5505,2173562.38024
5506,931407.83932
5507,3370101.48751
5508,3482216.28876
5509,1435776.11466
5510,1352947.8927
5511,1816535.62728
5512,2008543.22154
5513,1306934.42319
5514,978211.791487
5515,2217300.97858
5516,2680871.40602
5517,607797.536236
5518,757965.877201
5519,1106769.31887
5520,1102516.8445
5521,1527436.89009
5522,1593595.66815
5523,832210.43236
5524,1022157.52368
5525,2759123.27003
5526,884332.736605
5527,9862497.04575
5528,1131359.83516
5529,945693.80538
5530,950126.583949
5531,1255029.76068
5532,1782412.03942
5533,2454195.63886
5534,826640.713958
5535,846942.925789
5536,5123386.89162
5537,1077621.14357
5538,2568148.68867
5539,2389713.99457
5540,954782.825956
5541,6687551.27656
5542,1937597.97827
5543,2612100.37966
5544,2569860.2761
5545,1598302.22752
5546,1025197.63043
5547,575866.972099
5548,1466398.2856
5549,1486514.59261
5550,3010765.08223
5551,3408959.9517
5552,1025016.04012
5553,1380140.93139
5554,5425634.33828
5555,623170.480266
5556,6749263.82833
5557,1089887.57557
5558,907180.102073
5559,1378219.21093
5560,967152.309758
5561,576385.229824
5562,1351079.8243
5563,1220425.24122
5564,1648358.40358
5565,938532.078072
5566,2488524.60305
5567,1126408.29645
5568,892307.340436
5569,2193573.67336
5570,533339.061391
5571,3313359.74987
5572,1075145.65023
5573,580762.752458
5574,1874084.99555
5575,1804682.3905
5576,1923611.50741
5577,2881908.88293
5578,2574415.13669
5579,629495.271315
5580,4644277.46283
5581,2343664.00254
5582,2693716.50936
5583,963161.823723
5584,2836607.18899
5585,698987.546213
5586,2364453.69788
5587,1981969.73312
5588,1675700.86957
5589,5860875.24856
5590,1354201.79786
5591,2250703.1849
5592,2567700.54322
5593,3371259.65259
5594,1559342.52438
5595,3784703.98713
5596,959625.488809
5597,1877777.63948
5598,901972.967709
5599,3764243.75872
5600,4728809.77165
5601,1209485.57271
5602,1737447.14503
5603,1099380.4459
5604,1707606.68477
5605,3900269.97613
5606,2029524.41259
5607,720760.060188
5608,2324538.39838
5609,1184720.39917
5610,2062776.83236
5611,2146158.61853
5612,1512448.85095
5613,2025546.0629
5614,1735593.29247
5615,982302.775229
5616,1410706.02164
5617,1109938.38708
5618,1042508.46844
5619,2635372.3
5620,1031575.19254
5621,3246803.87554
5622,3760843.70094
5623,1158274.99531
5624,1026195.9491
5625,2697804.26576
5626,3400353.20243
5627,736359.315097
5628,1919929.32066
5629,1293780.42327
5630,1231347.11009
5631,1341419.24559
5632,2529946.88204
5633,2372476.65446
5634,949632.239779
5635,774332.602936
5636,1336435.39541
5637,3695642.33625
5638,746507.390657
5639,726605.819336
5640,5595010.94989
5641,846532.265244
5642,1372651.74103
5643,10531689.0225
5644,1269531.72332
5645,1559137.62955
5646,607735.635375
5647,603562.647559
5648,11316412.5069
5649,3903475.0173
5650,3992078.5599
5651,1769145.76633
5652,1351437.7055
5653,1250039.9283
5654,1008951.1312
5655,823351.48214
5656,1262104.55062
5657,3965331.26536
5658,1186165.3536
5659,789934.155996
5660,746262.436962
5661,1081186.94058
5662,1095548.74149
5663,733890.40072
5664,1609555.88808
5665,2510142.02477
5666,1260817.20619
5667,1543563.01528
5668,808369.291756
5669,1619375.86778
5670,6128179.70324
5671,3293144.29659
5672,1194478.48744
5673,1090041.16375
5674,938057.672681
5675,1526220.08388
5676,1569153.96173
5677,1530369.99772
5678,1551962.33345
5679,744819.375182
5680,2301892.04335
5681,1148305.25763
5682,1236906.43983
5683,5205383.04223
5684,1108014.47158
5685,1683532.81781
5686,1775045.87128
5687,1530120.98172
5688,1081889.44762
5689,954241.515285
5690,1385909.97588
5691,1271239.97801
5692,728199.051151
5693,6408874.33489
5694,3185869.31048
5695,2272752.82856
5696,665902.726986
5697,7584252.00059
5698,1730229.17003
5699,832843.318272
5700,1305694.283
5701,1524233.55077
5702,2785113.39431
5703,1286712.69668
5704,1164712.05765
5705,1298567.65118
5706,4898651.67999
5707,1081692.76197
5708,803379.797612
5709,846741.30912
5710,1746400.15051
5711,1478084.80515
5712,1112852.97975
5713,1010979.93841
5714,2085003.96367
5715,1597468.13236
5716,1726905.28537
5717,904880.921403
5718,966127.30528
5719,2112549.97522
5720,1266276.39767
5721,1386216.83473
5722,2391573.24524
5723,1041964.9799
5724,816980.651599
5725,909377.781001
5726,1364394.32538
5727,1892768.10169
5728,1216633.35707
5729,3484343.12706
5730,2263664.03987
5731,1621145.06852
5732,1837053.49217
5733,1959449.21913
5734,2615679.84153
5735,2455172.44827
5736,2249047.57554
5737,1499803.88597
5738,1001985.11465
5739,6744656.90435
5740,908204.706884
5741,1588808.14653
5742,2496381.92881
5743,2462621.04384
5744,1087568.93846
5745,1395490.08789
5746,3950660.27375
5747,775716.18292
5748,1843071.86026
5749,7524160.79906
5750,1646115.1042
5751,1324616.54432
5752,1079829.74428
5753,1209134.52893
5754,1593939.79449
5755,1819763.40391
5756,987310.330307
5757,3076290.26663
5758,896602.240361
5759,1206863.80366
5760,1611588.06446
5761,983006.699311
5762,1737836.9497
5763,1102527.95853
5764,1841437.49255
5765,785290.332662
5766,985226.004233
5767,2373058.45611
5768,1206863.80366
5769,2277236.83488
5770,1010087.40429
5771,1319884.89471
5772,5120984.51864
5773,803263.341901
5774,1002488.92962
5775,684072.709964
5776,1485921.92072
5777,747733.123689
5778,1212919.95323
5779,1157159.51235
5780,928031.20648
5781,771667.566976
5782,885507.800225
5783,1436011.92744
5784,1149098.06055
5785,2066374.62353
5786,854919.095163
5787,1112091.65501
5788,1043688.84106
5789,1767532.44134
5790,983215.297844
5791,923545.817639
5792,2401439.51257
5793,6211235.1334
5794,1327812.44775
5795,579192.978373
5796,6192193.05729
5797,685343.871775
5798,741162.225494
5799,854995.387157
5800,944315.875197
5801,6063268.73999
5802,1094661.20018
5803,685042.099863
5804,1707078.1649
5805,1007843.90771
5806,947606.069327
5807,905557.724877
5808,2039371.63085
5809,2290230.61973
5810,777959.061818
5811,1991887.26852
5812,1254521.65251
5813,1688857.56836
5814,4808408.90232
5815,752831.548276
5816,2452781.26651
5817,893226.650703
5818,1466971.0496
5819,4454335.59767
5820,2718091.30808
5821,1043865.16252
5822,1326369.30217
5823,1690247.97241
5824,1004993.81635
5825,742638.594844
5826,1271625.95032
5827,1510199.5971
5828,1095808.33935
5829,2713888.90501
5830,768641.219062
5831,1616126.9102
5832,2270456.67239
5833,830771.407641
5834,1822941.82374
5835,989434.893491
5836,2670155.20704
5837,3148734.02691
5838,1062052.89061
5839,1358729.73341
5840,2767737.67668
5841,806025.541983
5842,1023026.2056
5843,2649091.94966
5844,1233973.81793
5845,1423453.03139
5846,679665.126326
5847,797571.761136
5848,628571.659478
5849,1722671.00335
5850,1728255.54154
5851,1116693.58672
5852,841288.766296
5853,868626.00826
5854,1199906.73197
5855,553270.920404
5856,1748412.60421
5857,937683.199242
5858,2365871.0654
5859,872422.02733
5860,3749772.00564
5861,1882137.78973
5862,2634007.29939
5863,1170428.50991
5864,2613273.33746
5865,1169398.1954
5866,14121735.7376
5867,1205746.28981
5868,874484.265198
5869,8412831.5378
5870,1633069.62105
5871,760013.308942
5872,8878140.0546
5873,8878140.0546
5874,838486.823222
5875,5611658.49328
5876,2704159.81721
5877,1792496.64965
5878,3298613.45597
5879,1347182.60429
5880,3088116.54368
5881,877699.399982
5882,1261022.86532
5883,2310571.26616
5884,1296753.19116
5885,2215796.29978
5886,1665474.57265
5887,1199189.54416
5888,2404981.33721
5889,1012849.37054
5890,1104149.66838
5891,817942.006689
5892,841378.452881
5893,1537955.90979
5894,1011745.23942
5895,1687305.62729
5896,1156048.85471
5897,3798569.87041
5898,2354871.00091
5899,1122662.36993
5900,20099386.884
5901,2535382.45493
5902,716056.961425
5903,1934326.06543
5904,1016941.24819
5905,1043435.1158
5906,829189.013086
5907,945401.478468
5908,1049726.73542
5909,1043908.37187
5910,1072076.825
5911,1507773.55957
5912,1242969.60309
5913,1055695.57973
5914,825264.902213
5915,1014055.92897
5916,2474855.00432
5917,1485314.63002
5918,917730.317966
5919,1675047.19086
5920,1038447.96028
5921,1160059.17378
5922,2661890.6991
5923,2605121.11476
5924,1548101.55196
5925,1705458.26075
5926,1608641.32139
5927,548913.839791
5928,1050756.94207
5929,746726.601225
5930,1253019.51435
5931,1432452.42865
5932,962182.448695
5933,1184276.4461
5934,761514.870922
5935,3822822.70199
5936,3715110.01252
5937,5996804.17997
5938,2746950.41882
5939,2480132.75018
5940,756658.04313
5941,2529660.90406
5942,841150.161673
5943,3099514.82989
5944,3426655.20663
5945,1105250.63063
5946,5653370.2627
5947,1213073.61469
5948,1586135.80344
5949,1051703.6408
5950,2493166.12331
5951,1370133.53715
5952,1777413.15398
5953,1953393.2355
5954,939678.318188
5955,885321.158235
5956,2116471.49421
5957,1530428.34125
5958,1084265.00978
5959,7392491.32756
5960,1518758.79304
5961,2473253.10689
5962,2669573.96974
5963,962647.008223
5964,4238377.36061
5965,1190407.93717
5966,1702260.24474
5967,1157700.14863
5968,1969071.94159
5969,1113239.70919
5970,2167812.28072
5971,1468166.53854
5972,2283531.89347
5973,2389985.53965
5974,1600426.54824
5975,1095379.54383
5976,1206226.89913
5977,856715.929235
5978,1700560.19196
5979,997044.907467
5980,914399.677928
5981,1007666.52648
5982,2078091.5371
5983,1130743.62921
5984,1378306.10785
5985,838106.346718
5986,1287271.32169
5987,778352.504301
5988,1337676.43982
5989,6550017.10623
5990,1209984.15446
5991,1667704.87813
5992,5069101.67663
5993,812420.903911
5994,917925.132877
5995,2161223.98785
5996,1137482.1784
5997,1318742.84162
5998,4669860.58199
5999,1102138.75804
6000,2401713.66028
6001,899798.759926
6002,998725.053313
6003,1452238.9803
6004,1462272.82187
6005,2212633.44036
6006,1962740.29117
6007,1083763.92635
6008,638389.743772
6009,2111402.37886
6010,1488021.0156
6011,1279336.01275
6012,2142392.82221
6013,1879449.18966
6014,1845922.44513
6015,1073383.36238
6016,1411374.83831
6017,1950612.3622
6018,935069.327877
6019,3299136.87702
6020,1850971.34792
6021,2450952.7163
6022,1011229.85898
6023,1842610.89916
6024,3568216.59672
6025,2289805.08917
6026,1744096.13401
6027,1693396.63746
6028,1126499.2099
6029,1269967.0264
6030,2902700.91096
6031,1003272.88874
6032,3293682.56474
6033,2530011.52137
6034,1887677.46923
6035,799446.97878
6036,1141941.73795
6037,889353.917102
6038,1228463.43848
6039,495929.975661
6040,1034564.84844
6041,2014123.53689
6042,959599.868039
6043,4207305.58679
6044,1631981.6
6045,2700509.47082
6046,1255126.03782
6047,1114172.23289
6048,2577038.00599
6049,953056.370127
6050,1921081.052
6051,2002874.43845
6052,848026.967599
6053,1908617.26219
6054,864583.226485
6055,869552.632473
6056,884892.915096
6057,1252211.53411
6058,1229559.03851
6059,1218515.60253
6060,1103403.78859
6061,6138283.40946
6062,1550090.4987
6063,1405616.97359
6064,1800336.09255
6065,1482171.48425
6066,985912.068366
6067,1376625.38716
6068,1783046.68201
6069,2115912.96972
6070,1335675.33842
6071,3286940.68289
6072,3438379.63626
6073,2074456.92984
6074,1392962.11457
6075,794437.08552
6076,854147.780598
6077,1635497.72973
6078,3496474.11004
6079,1831459.41605
6080,660470.09328
6081,1729632.06145
6082,1490314.29953
6083,605415.738409
6084,3243655.24507
6085,2200625.07032
6086,1283374.68715
6087,1565346.10633
6088,1066455.5622
6089,765192.255448
6090,601614.064999
6091,1231299.22823
6092,500506.719849
6093,1502574.3708
6094,979029.332346
6095,3664036.90231
6096,650619.312251
6097,2399673.78612
6098,2317771.4382
6099,12291640.6007
6100,1265099.38106
6101,1890126.50116
6102,1716157.68205
6103,1820735.90516
6104,1077968.96139
6105,858025.917315
6106,4071696.4096
6107,861866.54371
6108,1840012.26648
6109,658947.653525
6110,1723401.22302
6111,2987864.6762
6112,3075489.84365
6113,1597954.58514
6114,932725.412635
6115,4214930.93892
6116,3659852.34624
6117,1690332.48841
6118,1296528.79844
6119,1461423.59051
6120,3479065.50809
6121,799568.623905
6122,3516088.0115
6123,1213093.90924
6124,642340.503249
6125,3010930.12587
6126,963314.663315
6127,1063090.64334
6128,1685413.73541
6129,1282671.56898
6130,3164827.63816
6131,1151965.75995
6132,876160.543259
6133,879603.069727
6134,1446011.29475
6135,795552.700209
6136,1010239.12279
6137,1400065.61282
6138,1866491.63371
6139,1864492.07775
6140,2702416.07282
6141,1672817.14349
6142,1899466.91942
6143,1003669.69002
6144,1046598.67303
6145,651176.853931
6146,2240010.78629
6147,1547127.85444
6148,1251148.9145
6149,1311201.66726
6150,1318308.7816
6151,1268782.28177
6152,1125277.03569
6153,1244077.06569
6154,1018547.66893
6155,2530107.18962
6156,2843101.01616
6157,786211.442936
6158,1444021.59796
6159,1501893.16684
6160,4217730.37135
6161,1094030.9691
6162,838494.572673
6163,794486.780402
6164,1766639.05233
6165,2466798.10063
6166,4961076.56302
6167,791624.06473
6168,915924.322872
6169,1507364.22089
6170,747458.283186
6171,1074044.34218
6172,676858.813782
6173,1765940.92673
6174,779836.501202
6175,1049658.26445
6176,839406.292599
6177,1150599.76997
6178,1114553.83251
6179,795307.975008
6180,1073097.08984
6181,846792.79914
6182,1226354.21417
6183,964212.946006
6184,1107619.62417
6185,1656395.4691
6186,1493357.62464
6187,764567.23429
6188,2653550.46207
6189,823173.066583
6190,1252899.00641
6191,1105077.22125
6192,2680411.3837
6193,25759973.1282
6194,2166751.82608
6195,983247.390957
6196,1238532.65178
6197,1606807.2506
6198,1354757.86036
6199,802689.946294
6200,1754327.05768
6201,5541356.97893
6202,2162359.87805
6203,1146490.93817
6204,1220881.3337
6205,1474979.56137
6206,778993.241284
6207,773254.82236
6208,862702.4898
6209,2165360.65024
6210,744715.219703
6211,984374.151631
6212,802437.798553
6213,1102773.51263
6214,2158951.98657
6215,650326.102223
6216,866138.521312
6217,1307946.93354
6218,1300524.05198
6219,6052739.05305
6220,1158896.78996
6221,2242601.40232
6222,1248393.96156
6223,1430651.29862
6224,1242350.23565
6225,2587338.10223
6226,2267507.25521
6227,1527226.5272
6228,1763536.47583
6229,2581776.84324
6230,784697.660362
6231,1610407.26145
6232,2525838.0016
6233,2492727.53843
6234,1861961.01859
6235,658018.411558
6236,951119.625619
6237,9574912.00641
6238,1091025.32617
6239,1497963.65747
6240,7237346.6398
6241,1244117.32479
6242,726483.740489
6243,2404433.98883
6244,2111627.59259
6245,1024372.33503
6246,1014330.93492
6247,935289.690663
6248,2348207.55284
6249,762081.627683
6250,3905573.28713
6251,1612051.50709
6252,2486579.41517
6253,1304906.6295
6254,1200662.27805
6255,1058999.21768
6256,1290997.16743
6257,3211351.61546
6258,1837257.41759
6259,1292271.56146
6260,1198809.82544
6261,1156349.9817
6262,8521455.63317
6263,1407173.6706
6264,1543803.85419
6265,2438664.63495
6266,2260864.63556
6267,3120571.91714
6268,1813439.15549
6269,759864.608193
6270,1958825.92317
6271,1029539.05532
6272,1330296.60406
6273,912892.024896
6274,3724039.09065
6275,1148585.85766
6276,552679.18495
6277,3173753.15599
6278,2265938.78333
6279,2447439.30731
6280,2451938.35757
6281,1048964.62505
6282,1127861.58038
6283,861060.075997
6284,1637290.05636
6285,4966118.17413
6286,1506306.74244
6287,1042422.58161
6288,1331544.85862
6289,1232675.79746
6290,1106484.3293
6291,3401784.58981
6292,5597152.34236
6293,1972392.47052
6294,1231915.0557
6295,12220923.4857
6296,792715.397887
6297,3354886.49927
6298,1848212.06696
6299,29388132.5575
6300,985454.600106
6301,1908709.8863
6302,2724075.81374
6303,809387.713725
6304,1714131.05761
6305,2566170.40997
6306,853591.273767
6307,1601685.93312
6308,1474397.78455
6309,1296893.95993
6310,874549.765625
6311,1344666.86033
6312,908909.038199
6313,2061404.32465
6314,1385439.55786
6315,762514.035123
6316,725830.323591
6317,1043661.11393
6318,3049444.53901
6319,3369107.03581
6320,3283733.41728
6321,2505266.44763
6322,1628739.98758
6323,936268.391439
6324,1113443.56644
6325,2051326.21159
6326,2215650.78044
6327,672372.684704
6328,1587994.80197
6329,7279002.57782
6330,3320800.67242
6331,1109860.19403
6332,1287163.53619
6333,803366.831015
6334,2135940.74808
6335,4899137.19261
6336,1823731.7117
6337,735892.266674
6338,1084012.89887
6339,1587954.25617
6340,1199419.20071
6341,1206639.10729
6342,965065.690962
6343,1065906.99727
6344,808826.99899
6345,1505485.86353
6346,1194437.82806
6347,4252447.4363
6348,819009.517608
6349,805730.744031
6350,1723432.64175
6351,3029459.04898
6352,729116.120859
6353,1505831.06758
6354,2382965.00275
6355,948825.04811
6356,1674085.98972
6357,1183959.78644
6358,6062458.93315
6359,710447.489071
6360,2662300.25193
6361,2092027.45323
6362,1984878.12937
6363,906817.359695
6364,1242367.1859
6365,1086947.96012
6366,1948194.15065
6367,1386843.60721
6368,1301265.414
6369,820501.943706
6370,1661075.17461
6371,1185878.70017
6372,846713.969775
6373,994591.363867
6374,703676.224261
6375,2158551.66877
6376,1252334.65881
6377,2629507.08302
6378,1904536.70051
6379,1313281.77926
6380,1453606.17241
6381,1237221.02654
6382,3308151.55551
6383,3295656.24725
6384,1280262.73914
6385,865228.175462
6386,764300.771295
6387,1295763.39105
6388,1425573.57737
6389,1144988.96264
6390,1578778.10667
6391,2426062.30557
6392,1069579.31592
6393,1017170.65847
6394,1238318.09364
6395,1047773.45002
6396,1294487.01475
6397,895919.894266
6398,1535058.75598
6399,1874570.91271
6400,2432615.97954
6401,1083945.85573
6402,858091.389838
6403,2562689.6701
6404,1388102.50347
6405,813531.088911
6406,1098998.24753
6407,2850968.37405
6408,1382169.71812
6409,3218007.96439
6410,5356163.84118
6411,1265515.30426
6412,949399.757197
6413,9784148.13181
6414,931949.415575
6415,2281379.58317
6416,1005266.34227
6417,1100881.38242
6418,1834272.13796
6419,2632422.04512
6420,7010720.86405
6421,1985017.47115
6422,2269107.17514
6423,713359.212571
6424,1358480.46466
6425,795336.025927
6426,1922113.5296
6427,1091049.63739
6428,1822344.97192
6429,1108291.53929
6430,1722935.53886
6431,1897410.9985
6432,738684.318153
6433,1230465.55525
6434,2368333.2524
6435,4960754.42061
6436,949506.527776
6437,3720289.59558
6438,1070052.87706
6439,1282516.56883
6440,1214998.06427
6441,5041562.46405
6442,1197259.48419
6443,943520.020581
6444,1784877.07776
6445,2210469.17821
6446,2382813.04585
6447,1547597.55806
6448,5412560.09778
6449,2187950.69556
6450,2053862.29092
6451,1290215.89906
6452,1070805.13549
6453,943440.021426
6454,1245819.68804
6455,1146803.661
6456,1684244.25277
6457,1391189.0768
6458,1179060.8161
6459,1071876.64692
6460,1782446.22836
6461,684387.865124
6462,906906.576027
6463,1005070.7269
6464,1459931.38554
6465,1493590.81845
6466,686339.219258
6467,2313639.5315
6468,1114599.69873
6469,5076399.5709
6470,981140.227172
6471,1011378.28581
6472,2912512.43661
6473,705509.386388
6474,1674815.99271
6475,1362507.71565
6476,3264378.32275
6477,1222935.11554
6478,3895163.41673
6479,6209769.25668
6480,5593921.61572
6481,1138146.94606
6482,1261408.36397
6483,679939.5468
6484,1157081.19497
6485,718741.492435
6486,2506778.1342
6487,730517.315232
6488,1965514.10161
6489,2768115.18247
6490,1190605.10813
6491,3081760.54732
6492,2689725.85565
6493,1155660.2797
6494,2840712.16069
6495,2660876.01617
6496,836548.165995
6497,1188466.04592
6498,727604.28281
6499,601368.131566
6500,1434327.13841
6501,593798.357333
6502,985700.06539
6503,3709175.76536
6504,878824.315783
6505,2780191.65553
6506,1173043.01392
6507,3164687.09054
6508,3799086.8107
6509,1609313.80024
6510,1007007.83915
6511,1740133.48154
6512,2844884.32322
6513,807519.830503
6514,2590234.30584
6515,7753754.11603
6516,1132508.17993
6517,1876420.76222
6518,1640045.80757
6519,2440980.82271
6520,1546030.09792
6521,1065816.68266
6522,902629.482491
6523,632757.546379
6524,1625548.12954
6525,1675265.32371
6526,730941.644481
6527,2710346.07991
6528,856205.657979
6529,2202986.14108
6530,895660.390599
6531,1440370.90582
6532,996437.950823
6533,1924196.70641
6534,672419.490676
6535,4481618.01688
6536,1491278.56972
6537,1613335.79433
6538,2120693.66727
6539,538945.081092
6540,1348930.21889
6541,3892046.61992
6542,722566.335252
6543,13556259.6087
6544,6883390.25433
6545,2188423.86936
6546,2064960.13045
6547,816226.050755
6548,1744412.67936
6549,8309178.69176
6550,1819270.50521
6551,777377.533644
6552,9436559.3633
6553,2471827.40378
6554,1127876.3994
6555,2897064.97662
6556,1036116.43518
6557,4119064.26468
6558,23900615.4809
6559,2405914.53302
6560,961911.572834
6561,1119316.08437
6562,1288257.28735
6563,1518425.12255
6564,1670636.76572
6565,2501970.19888
6566,1062893.29325
6567,700668.754802
6568,1065565.3485
6569,1729046.84806
6570,1773751.0526
6571,823406.359752
6572,2136510.24937
6573,9194454.30604
6574,857158.204687
6575,2220767.93131
6576,1091702.64747
6577,1188596.4327
6578,2271650.73612
6579,9894211.41226
6580,1027759.67082
6581,572449.458319
6582,964224.399845
6583,1354056.05251
6584,1886066.48167
6585,1832962.54563
6586,1994769.27691
6587,1586154.62266
6588,2778972.49878
6589,2105330.6278
6590,1731414.18098
6591,1578182.83313
6592,606214.705147
6593,1004241.49046
6594,555055.632468
6595,1329075.70781
6596,1028736.67299
6597,663806.559843
6598,2546831.15939
6599,1372527.39318
6600,1205677.46591
6601,821754.833544
6602,922785.389332
6603,931638.682353
6604,2238235.44867
6605,18353226.8393
6606,1281779.6211
6607,1154478.72713
6608,1030815.40171
6609,898328.294367
6610,4443522.95135
6611,1107004.49884
6612,2616731.03533
6613,1606256.89852
6614,1581763.20965
6615,625313.212842
6616,788377.025055
6617,3236961.04197
6618,2971883.96782
6619,1446890.53454
6620,1173731.54544
6621,901840.536874
6622,891490.347799
6623,848558.341867
6624,1253253.64486
6625,1275526.52209
6626,1892942.57245
6627,1639447.33738
6628,1996722.27443
6629,1291630.46245
6630,2433470.51089
6631,889894.580344
6632,965175.414167
6633,960928.201018
6634,971038.431168
6635,687990.81803
6636,912925.352917
6637,1400599.16904
6638,1432120.17017
6639,1465082.32904
6640,1349884.83191
6641,2718026.20271
6642,2270164.4512
6643,941965.851837
6644,907381.991876
6645,5527760.40336
6646,1622436.39012
6647,1024086.10689
6648,1082391.64844
6649,963841.787839
6650,612541.996974
6651,1188184.26083
6652,1199506.91122
6653,4538932.81773
6654,2748686.92451
6655,1186112.30552
6656,1574362.78583
6657,1250675.66021
6658,3787670.36208
6659,1182455.06255
6660,1121548.77741
6661,1498488.93555
6662,5274297.01795
6663,1032115.22745
6664,1972385.68378
6665,972134.235021
6666,1358982.10646
6667,865275.231007
6668,711186.766923
6669,851062.683653
6670,799568.326818
6671,2617738.95727
6672,1354627.94377
6673,3777003.26523
6674,1266619.72156
6675,2301634.88615
6676,943872.652738
6677,681524.820884
6678,1990443.38455
6679,2698075.41059
6680,4616164.74822
6681,1199228.73956
6682,937236.203435
6683,4315627.8995
6684,709268.077301
6685,769894.154298
6686,1396927.16385
6687,1257621.81598
6688,818478.939036
6689,912763.834123
6690,782096.376295
6691,1502159.14934
6692,1572954.84284
6693,3050930.25628
6694,1495144.2583
6695,961401.833864
6696,911626.448859
6697,1347860.07653
6698,1887835.9281
6699,3212319.99275
6700,1120775.6243
6701,1346024.65381
6702,1932171.6134
6703,3328139.04617
6704,1910826.75899
6705,934331.616734
6706,6454183.19619
6707,806127.170174
6708,2026339.21315
6709,952912.730075
6710,990097.340913
6711,1333123.61948
6712,1428241.20217
6713,1811310.21669
6714,2380126.24237
6715,1868920.26386
6716,1105165.50713
6717,647466.629164
6718,1901782.21785
6719,7004210.03454
6720,2692494.40983
6721,1377537.85204
6722,2036964.16004
6723,824171.845042
6724,1229769.16668
6725,2191389.7322
6726,1081473.22031
6727,2214407.19015
6728,1028987.30846
6729,2385790.18401
6730,1866404.12154
6731,1173528.69468
6732,1019205.87024
6733,1185029.25507
6734,973944.932805
6735,2319479.77689
6736,2570587.88752
6737,2332646.30067
6738,1924736.22211
6739,1085665.47606
6740,1015220.3167
6741,1182185.84697
6742,1482392.17908
6743,1208830.55496
6744,1599924.77715
6745,1675188.51425
6746,909554.926663
6747,1163904.62519
6748,3251247.56702
6749,1972442.73449
6750,1741528.79491
6751,2952299.57964
6752,1161394.53137
6753,2361268.80001
6754,3667246.69542
6755,1239659.23708
6756,1027304.86902
6757,1437802.85291
6758,849050.632162
6759,3126735.91759
6760,2356505.75776
6761,1048543.84254
6762,3392885.45902
6763,2008455.96851
6764,1576206.85969
6765,3596680.2554
6766,509796.312863
6767,820714.686373
6768,1039960.1181
6769,1097304.834
6770,1615477.02825
6771,1656674.68004
6772,3114454.18591
6773,1075451.15523
6774,2080292.30257
6775,1555823.71381
6776,1287640.24746
6777,1231918.32161
6778,816523.293155
6779,643535.029287
6780,5670994.2334
6781,1786046.17678
6782,1311273.51016
6783,677395.794407
6784,919463.343004
6785,1345710.58885
6786,2867202.03026
6787,3165572.74852
6788,820721.97916
6789,800236.403617
6790,2654850.29131
6791,823075.825886
6792,2016243.97659
6793,1287036.11847
6794,5345057.79196
6795,2651572.08401
6796,948939.91578
6797,1771869.59578
6798,1358431.67274
6799,1054332.07614
6800,1374019.99694
6801,823264.872141
6802,1374161.71879
6803,635491.194049
6804,974935.855154
6805,3710942.71952
6806,2734644.31874
6807,1485583.69176
6808,805831.93327
6809,4425077.55146
6810,924411.557868
6811,1998650.15137
6812,1231720.60922
6813,815771.918423
6814,1880300.83315
6815,687444.112825
6816,1436799.83018
6817,1274944.26636
6818,957830.1778
6819,2268989.0411
6820,1278330.61388
6821,872167.286377
6822,799058.653223
6823,1433410.075
6824,5274771.86582
6825,1072243.11071
6826,515448.144879
6827,1009805.50287
6828,2068758.43719
6829,1221501.00703
6830,1154067.52751
6831,2047093.93667
6832,2082420.76178
6833,843201.274659
6834,776697.932582
6835,1090449.0049
6836,1503482.39068
6837,15325929.8228
6838,990700.37806
6839,744755.166171
6840,812010.577775
6841,1104163.86732
6842,1011667.43996
6843,1658855.32288
6844,1478208.65204
6845,839420.272096
6846,2164860.20427
6847,1463930.44879
6848,1991732.3834
6849,1445128.26444
6850,4201826.78623
6851,1234012.7794
6852,2236896.45426
6853,3021643.71715
6854,587950.590666
6855,1893087.1722
6856,1333455.92821
6857,2405113.3669
6858,1734658.71294
6859,3253025.40401
6860,1887580.68572
6861,3895172.96336
6862,3484220.81982
6863,2013676.37021
6864,1676889.81671
6865,831163.823887
6866,1593782.93391
6867,3781807.22383
6868,1302016.28169
6869,2282150.16804
6870,1085687.70297
6871,668864.355292
6872,2355858.2897
6873,1340368.96046
6874,1046246.60495
6875,4734134.88705
6876,1376025.54916
6877,2341162.51704
6878,1170608.27833
6879,1867018.84163
6880,1037942.76063
6881,1326360.43131
6882,823569.770708
6883,1740266.97077
6884,1671024.59601
6885,925030.302965
6886,1238250.63075
6887,1620289.84313
6888,855605.05887
6889,1805067.12964
6890,775993.574151
6891,3496551.79984
6892,689692.613751
6893,1029396.05405
6894,1097142.05521
6895,1296605.03001
6896,1065068.34147
6897,1024366.53769
6898,2465008.99322
6899,1448873.79996
6900,673353.264381
6901,1128095.49791
6902,1536213.65909
6903,2311481.27567
6904,1331781.59032
6905,2825547.60799
6906,1163845.11403
6907,907000.558276
6908,1118689.3642
6909,7181614.74524
6910,810972.36874
6911,3004848.33596
6912,1130418.60782
6913,1149487.19503
6914,5183560.58129
6915,1155307.52953
6916,1750241.73077
6917,3074102.7025
6918,3079692.9728
6919,541712.748871
6920,1329621.37106
6921,1333936.52333
6922,1286807.07503
6923,1708243.13975
6924,1743061.69953
6925,1073280.4517
6926,900535.033323
6927,948734.743655
6928,1588533.73456
6929,1182296.40494
6930,1040150.54563
6931,2561172.7824
6932,1363994.82128
6933,1332191.46751
6934,588872.087123
6935,1518565.16793
6936,767082.371361
6937,1796800.08814
6938,1685397.04237
6939,1242623.04617
6940,1742226.24195
6941,1332171.83514
6942,2186089.80326
6943,851574.836151
6944,1309536.65272
6945,1016124.75981
6946,1443321.92883
6947,1804384.63849
6948,2719023.93036
6949,675920.234501
6950,864847.23467
6951,1379857.59949
6952,3413695.38994
6953,1103325.00833
6954,822300.686372
6955,3851852.9719
6956,1860400.2723
6957,6242885.62177
6958,2388038.12059
6959,2055496.64653
6960,622166.964851
6961,1535929.65065
6962,644324.847781
6963,806484.122777
6964,721311.799549
6965,742595.039906
6966,2179704.73786
6967,1454752.08943
6968,989405.622237
6969,2468101.97178
6970,1046758.10837
6971,2098845.96965
6972,2174413.08235
6973,842208.706875
6974,1147128.36373
6975,1013643.70137
6976,1491087.42522
6977,1012456.74724
6978,1499207.7111
6979,1113454.76681
6980,784008.179894
6981,910701.037151
6982,1048013.63174
6983,685383.986856
6984,859237.348331
6985,4347105.08369
6986,1020215.20828
6987,831454.692099
6988,4018802.289
6989,1264225.0561
6990,1909973.21528
6991,1246870.19472
6992,1422705.51347
6993,2848079.99721
6994,1071696.14924
6995,800298.556619
6996,1360488.01959
6997,1409597.18211
6998,1308336.7048
6999,5936363.83019
7000,2058564.9988
7001,1057086.33336
7002,878421.678512
7003,4391093.14839
7004,1998313.93763
7005,3103769.8719
7006,1885018.99551
7007,1725062.69803
7008,884940.987508
7009,1098006.65286
7010,2010639.78834
7011,972523.395763
7012,8971431.3609
7013,1750087.34501
7014,857004.007803
7015,960152.635485
7016,579948.429041
7017,831636.963955
7018,707661.459741
7019,1200919.1812
7020,2339009.82213
7021,3340040.99145
7022,2242126.10891
7023,1626977.21336
7024,1369416.68715
7025,738638.067821
7026,2466191.17506
7027,2974964.47808
7028,1093559.94015
7029,1379597.30516
7030,792171.182619
7031,3195500.95013
7032,1152836.03044
7033,1469065.95305
7034,1628314.71049
7035,1055555.77326
7036,2537214.96956
7037,2377438.31481
7038,2344897.33469
7039,1641836.78351
7040,2165118.26839
7041,559123.577036
7042,2153396.85039
7043,730415.262877
7044,1276475.70056
7045,807573.093479
7046,1848772.25763
7047,1358613.56246
7048,970768.989622
7049,1186084.75205
7050,11533311.4541
7051,1210883.14163
7052,1627601.82739
7053,1763562.32376
7054,1441823.41174
7055,1052257.0812
7056,1377329.57403
7057,1840352.05132
7058,1012025.32008
7059,1139595.8644
7060,2182531.2643
7061,2434025.35859
7062,1034936.0755
7063,3047623.27421
7064,879774.162746
7065,7727788.33121
7066,581970.919509
7067,3207527.73024
7068,848448.776924
7069,2417667.1276
7070,1632421.49675
7071,2081625.1123
7072,2029633.72557
7073,1226420.39419
7074,667253.132175
7075,2277829.74496
7076,1900499.51025
7077,888428.86268
7078,1638347.17873
7079,2543424.56296
7080,1803289.00074
7081,1738181.99495
7082,942793.913345
7083,2132202.00701
7084,2189282.645
7085,2329046.26976
7086,1646876.428
7087,890427.573327
7088,2000546.57701
7089,1490529.09161
7090,1759062.74854
7091,1152533.49368
7092,896607.847935
7093,1342650.73751
7094,886942.30121
7095,813798.82932
7096,1404232.53088
7097,3334545.57329
7098,2676370.66089
7099,1479490.65689
7100,1358531.78137
7101,743538.040756
7102,810824.15344
7103,2720088.47519
7104,3511226.21131
7105,744677.234062
7106,1863694.55616
7107,1144277.6021
7108,1359943.11186
7109,1201515.26223
7110,3681888.48185
7111,1735090.17489
7112,1297151.84189
7113,11413567.5776
7114,907633.748662
7115,800494.880587
7116,1024911.32605
7117,1277815.75168
7118,946434.60494
7119,3062714.22812
7120,4051465.36636
7121,1203797.90553
7122,2083078.57915
7123,1139192.81789
7124,20294455.8834
7125,616427.837916
7126,1259743.894
7127,1327474.05509
7128,16775951.0861
7129,2473412.79159
7130,853685.138844
7131,2862975.10496
7132,1651849.93506
7133,3489088.03167
7134,1129041.58258
7135,1362649.90041
7136,1600850.68792
7137,2013628.61094
7138,2804365.01284
7139,866664.809072
7140,957417.120992
7141,1429330.29713
7142,771854.532931
7143,975186.397513
7144,1268007.42207
7145,744701.457464
7146,1071407.02223
7147,2462189.47208
7148,720424.182311
7149,3709232.37074
7150,3042157.78974
7151,1158056.93284
7152,1462471.92665
7153,1193204.54968
7154,986328.928847
7155,661450.010586
7156,3319424.82646
7157,5762308.1115
7158,1288912.69492
7159,1145898.09025
7160,843578.154394
7161,1274308.41217
7162,4102495.03122
7163,1887295.72356
7164,2755541.21958
7165,2315642.7647
7166,2023746.12727
7167,785404.848728
7168,3014691.0271
7169,1843847.57875
7170,1229934.02292
7171,724792.729892
7172,1564713.28838
7173,1188724.84632
7174,2069703.30709
7175,1923168.05839
7176,1698357.531
7177,6182980.61816
7178,952615.746571
7179,857569.975178
7180,2759156.13794
7181,1531608.42294
7182,1009650.13871
7183,697518.109382
7184,2672909.10619
7185,2736120.73098
7186,1324202.28555
7187,943914.763577
7188,1228034.51656
7189,1205756.3047
7190,1386848.62518
7191,922521.918715
7192,1207538.25159
7193,7267436.19529
7194,1136793.8449
7195,857893.536758
7196,4682427.51686
7197,2145491.48165
7198,2503658.45386
7199,814678.781026
7200,558497.643957
7201,1570448.59026
7202,6035418.65458
7203,906676.56955
7204,1430887.01129
7205,1214206.87817
7206,1841790.71502
7207,898562.083192
7208,1188676.79914
7209,3000406.77366
7210,953802.694542
7211,1791642.66862
7212,1265746.65307
7213,880177.185561
7214,1655992.74848
7215,12289392.0363
7216,3594849.30979
7217,3494610.06076
7218,916350.786995
7219,1718467.8444
7220,1002719.22089
7221,3347568.09288
7222,3124481.90312
7223,6497254.08605
7224,1296064.24186
7225,1201865.90191
7226,1346036.93909
7227,966146.29766
7228,1324682.46913
7229,987040.742459
7230,793211.054746
7231,3448989.58236
7232,2682650.65704
7233,2330651.00536
7234,873705.977794
7235,761660.453403
7236,1457219.49972
7237,1358674.70832
7238,939773.083318
7239,1286369.437
7240,2706887.52894
7241,1755935.63498
7242,2101872.06999
7243,4246775.66644
7244,5142682.45425
7245,4465288.49496
7246,954474.461651
7247,871204.866936
7248,741152.728312
7249,958430.13753
7250,2236814.18799
7251,1331586.48891
7252,1294362.80378
7253,996354.150456
7254,1969008.68164
7255,1202088.43542
7256,6195224.04765
7257,910892.711981
7258,2466303.44802
7259,1571046.6586
7260,1163001.06538
7261,4363550.21991
7262,2272009.28833
7263,870721.299232
7264,1551809.8833
7265,1472073.93661
7266,1635829.25275
7267,1706502.90708
7268,1128896.61651
7269,1702238.83254
7270,1266248.20676
7271,2541743.45616
7272,1219817.54842
7273,1610968.40354
7274,1063136.91858
7275,599880.155138
7276,1394007.46458
7277,1132826.51202
7278,1100471.99789
7279,1912724.58349
7280,997939.030959
7281,778652.6506
7282,943456.905671
7283,1919953.34566
7284,1602205.20622
7285,4374223.26068
7286,1283588.68113
7287,1073463.97996
7288,881964.949271
7289,1173666.04041
7290,6690693.37726
7291,1222445.20616
7292,1334741.12183
7293,1075132.33438
7294,2446781.68965
7295,1513450.06429
7296,1962532.44922
7297,1604865.06889
7298,3294944.74893
7299,1416580.49922
7300,6674898.98343
7301,564786.280683
7302,5130364.14715
7303,751906.873577
7304,2140186.91379
7305,567292.744783
7306,1443499.52934
7307,953814.005506
7308,1119493.33977
7309,1336998.34267
7310,1260753.30722
7311,1451269.29486
7312,1058421.95471
7313,656271.530396
7314,969306.484577
7315,1383896.94794
7316,1033190.04292
7317,2231729.29158
7318,2538935.812
7319,1039405.09882
7320,555551.730884
7321,853864.49261
7322,2034230.2348
7323,1312968.83008
7324,984595.398022
7325,530964.990969
7326,2616052.0681
7327,775428.489269
7328,844387.442894
7329,3084947.67516
7330,2326336.65176
7331,3115533.66584
7332,1123052.2187
7333,799661.162427
7334,1498718.84033
7335,5256624.37114
7336,1202275.8054
7337,920191.515455
7338,1156304.82256
7339,1626552.21389
7340,2113674.78664
7341,1132580.05837
7342,1181931.23713
7343,3072630.73906
7344,839939.538978
7345,3100609.6186
7346,2658943.35974
7347,1245011.83686
7348,1307353.14301
7349,1252456.78059
7350,5543334.04052
7351,1164351.15861
7352,2624962.50822
7353,898470.64966
7354,1278941.41586
7355,2334341.32914
7356,1087200.20478
7357,977283.899012
7358,759213.210067
7359,675095.322592
7360,1030680.66019
7361,1024405.58742
7362,3493440.71541
7363,1570935.70162
7364,1051578.71459
7365,1080459.76804
7366,1076064.15435
7367,1313970.98359
7368,1481637.38561
7369,3456923.81991
7370,509444.970096
7371,1530862.086
7372,855758.935355
7373,2986369.326
7374,755995.281134
7375,2743214.20071
7376,1569159.18448
7377,519029.199093
7378,2972173.22657
7379,2836753.91653
7380,1213456.44181
7381,1252786.73503
7382,1382028.79573
7383,1161717.52378
7384,1510172.0259
7385,1055812.47258
7386,1642142.66132
7387,2723118.72213
7388,764435.965957
7389,1219879.88993
7390,906273.196409
7391,935849.069803
7392,1844895.60368
7393,1359142.72054
7394,747533.337495
7395,778396.825347
7396,859980.669989
7397,1703226.48458
7398,6245996.99192
7399,4328896.92868
7400,2229964.96537
7401,1393407.3901
7402,1932456.93921
7403,543307.704278
7404,752600.909198
7405,3506328.71661
7406,1027108.18102
7407,1691835.85946
7408,1274098.26401
7409,906385.163888
7410,1137990.83026
7411,1872262.32308
7412,966030.074235
7413,737599.73971
7414,1545864.48555
7415,1575961.58014
7416,1331928.99279
7417,3464994.04621
7418,5080939.94149
7419,1118028.10413
7420,1701055.32572
7421,2108996.84163
7422,1189587.84773
7423,2035768.12728
7424,4871029.40658
7425,1933452.24057
7426,759310.700115
7427,2395111.07897
7428,1236952.70107
7429,1900535.36582
7430,1191550.35658
7431,2108992.26968
7432,1899955.18711
7433,2658437.0828
7434,1106805.3925
7435,550084.651752
7436,1356078.85713
7437,2366900.94999
7438,905306.54173
7439,1433095.27575
7440,861582.298659
7441,1423003.66846
7442,1492944.28036
7443,836346.232765
7444,587547.137389
7445,2348687.73893
7446,1366127.99439
7447,1084417.35228
7448,1121825.36522
7449,1667313.83275
7450,3423846.93085
7451,728616.396309
7452,717329.434017
7453,1192957.22711
7454,1279276.89293
7455,1638127.92309
7456,1331666.85833
7457,1477660.56124
7458,2556431.84878
7459,1542713.74438
7460,884053.388648
7461,9484603.73902
7462,1001725.87272
7463,1628348.31532
7464,24118982.4861
7465,992142.374218
7466,1531262.97658
7467,10338603.2723
7468,1368109.80203
7469,756916.691634
7470,1368300.68105
7471,6744907.18554
7472,1850363.96174
7473,1321357.84513
7474,777426.690386
7475,2786923.3558
7476,1737059.88163
7477,1020206.12374
7478,865902.84588
7479,1449045.89029
7480,1000702.52207
7481,2556049.52464
7482,1276218.02163
7483,2456320.29065
7484,1056094.9092
7485,743946.253193
7486,1166232.13532
7487,848407.832294
7488,1316879.49709
7489,1352950.8905
7490,927092.205924
7491,2925062.7365
7492,1253041.53565
7493,1098001.31653
7494,690837.159874
7495,2602591.11739
7496,1319074.82623
7497,2688372.30824
7498,1115497.63584
7499,960397.694804
7500,1598033.40097
7501,824791.953151
7502,902014.124425
7503,1054620.31341
7504,4244499.28754
7505,1310698.07941
7506,725126.604403
7507,583135.173595
7508,1609358.96567
7509,911652.315184
7510,1324364.66222
7511,2710866.4942
7512,1044040.04321
7513,2622467.52765
7514,889199.817432
7515,3577652.57438
7516,827918.709757
7517,1672802.06622
7518,2413252.56013
7519,8467166.23055
7520,902460.204862
7521,1275399.31545
7522,2481331.33164
7523,1325153.17743
7524,733033.215308
7525,996064.228043
7526,3991625.56287
7527,2516551.78655
7528,1028299.90184
7529,1897864.39757
7530,1514592.92587
7531,2511342.00176
7532,1389336.49137
7533,1304111.24674
7534,857295.464447
7535,696060.745255
7536,545492.704061
7537,1937540.70336
7538,2940652.73459
7539,2954055.61525
7540,1571043.95846
7541,971207.215498
7542,862336.655576
7543,986423.612775
7544,1006636.88726
7545,2281567.1013
7546,1017057.31737
7547,1370743.12668
7548,912024.31571
7549,916958.811438
7550,2717966.71136
7551,1406662.94609
7552,1296359.08282
7553,1507466.69058
7554,3977547.67899
7555,1625471.32161
7556,2620642.3718
7557,1135426.67546
7558,2633920.98524
7559,830539.315246
7560,739821.552728
7561,1539441.93433
7562,628555.577344
7563,1176270.99433
7564,3776821.58851
7565,746510.774832
7566,990434.620322
7567,1510233.58302
7568,1986959.69201
7569,1645361.53889
7570,1616681.4266
7571,1345972.86067
7572,1216269.32988
7573,2488449.39152
7574,717440.690169
7575,1102417.30582
7576,1049101.08642
7577,4406267.45212
7578,861620.496384
7579,854384.959251
7580,1653664.8823
7581,5160555.58427
7582,1779179.17017
7583,1251616.82857
7584,901395.212253
7585,2005476.3899
7586,3761308.53644
7587,1208324.67303
7588,2694548.61702
7589,1080385.38369
7590,597662.692999
7591,926940.847249
7592,1618232.07996
7593,1618232.07996
7594,1496980.66692
7595,847137.285644
7596,1987490.39011
7597,7037203.57014
7598,979781.937789
7599,1756333.77635
7600,4077165.06202
7601,912946.542073
7602,1264241.30325
7603,1959769.75418
7604,1588956.54435
7605,1684883.81541
7606,1039240.23003
7607,2100935.70742
7608,5573177.04944
7609,664300.483039
7610,2523909.02731
7611,1068105.11671
7612,1032540.0079
7613,1073891.96865
7614,606046.384696
7615,2479804.20041
7616,905038.68495
7617,2468223.48337
7618,1217370.08249
7619,1089117.79116
7620,1133908.43578
7621,625481.393304
7622,1404027.49858
7623,9399519.12224
7624,1102632.96086
7625,713356.680772
7626,684361.356813
7627,820974.780535
7628,1682746.98293
7629,2105636.75666
7630,1412092.73941
7631,1398148.36605
7632,1659386.31564
7633,6240909.57173
7634,1119932.93495
7635,2408931.32682
7636,1012689.43966
7637,3167472.37003
7638,1656412.39093
7639,1008247.80086
7640,1416480.70076
7641,927972.902011
7642,2074844.55553
7643,2568880.4716
7644,1345413.94805
7645,913767.500966
7646,878181.64954
7647,952902.361639
7648,807771.281342
7649,976015.379321
7650,817877.736692
7651,6347810.26632
7652,1022620.30432
7653,1058734.02502
7654,986720.572235
7655,645834.926442
7656,1049703.31512
7657,2202649.43271
7658,2438013.39317
7659,2469556.41208
7660,1085823.26635
7661,1215617.67872
7662,1213973.00427
7663,1485691.60323
7664,2081505.92578
7665,1113531.37655
7666,1084416.86917
7667,2309608.31039
7668,1440411.14729
7669,4421912.05422
7670,771507.725139
7671,911569.372882
7672,1140876.87811
7673,1827620.4958
7674,10961630.319
7675,1068503.79539
7676,9631927.17831
7677,2042705.45527
7678,9933053.03078
7679,741376.245208
7680,850333.265831
7681,2118385.82903
7682,520435.211081
7683,1908483.33691
7684,844091.124007
7685,974707.505568
7686,2309643.09337
7687,1948740.12282
7688,964706.975043
7689,1263290.22603
7690,1346391.69516
7691,1089852.27259
7692,1409780.98006
7693,669649.422183
7694,1949939.65141
7695,1002658.94066
7696,1545194.59715
7697,3780858.85526
7698,1099993.0855
7699,884097.445888
7700,1728762.23981
7701,1175823.4396
7702,2402692.10269
7703,2130247.49582
7704,1698720.67512
7705,811405.094539
7706,1769843.7666
7707,1524273.88116
7708,1979286.6289
7709,826272.5987
7710,2545790.50972
7711,847944.752727
7712,1053005.44306
7713,2076808.60593
7714,3065748.57241
7715,651097.039411
7716,920704.273273
7717,3175022.33661
7718,2149144.42441
7719,3196475.61161
7720,499112.772814
7721,828991.300197
7722,948860.620234
7723,1513650.63486
7724,724410.607599
7725,2118130.99401
7726,1242132.33606
7727,2469677.51655
7728,8281532.41253
7729,923263.184386
7730,1447794.58012
7731,1785167.64386
7732,1966593.54175
7733,5206061.35938
7734,829530.497215
7735,872532.210389
7736,1120419.82032
7737,1958060.6035
7738,1360629.51306
7739,2118507.99225
7740,2579854.22485
7741,987294.03944
7742,992923.81534
7743,956045.012421
7744,3455110.82408
7745,825140.773293
7746,1278260.58068
7747,3335327.93399
7748,1216950.7021
7749,1103821.13051
7750,2892188.22093
7751,2323902.25423
7752,1167040.82989
7753,550342.962715
7754,2586760.55791
7755,2615072.43906
7756,3734178.47093
7757,1178854.95643
7758,9310641.55316
7759,7647542.6861
7760,1705898.79741
7761,2084357.38022
7762,1039188.72401
7763,625911.228835
7764,1258758.46614
7765,1333149.21571
7766,1768867.53219
7767,1779766.94683
7768,1799381.4605
7769,1749655.48095
7770,1353153.73907
7771,1343967.27235
7772,2090700.54766
7773,2937117.68633
7774,2568425.46561
7775,3026446.64274
7776,2738120.59122
7777,850829.872152
7778,842528.890361
7779,1267091.34856
7780,1500265.06204
7781,1680007.53792
7782,3257358.55702
7783,2354230.04962
7784,1127046.00084
7785,754424.536825
7786,1927766.22762
7787,1139008.63419
7788,819665.741572
7789,1219653.54055
7790,946327.735049
7791,842821.602314
7792,1826815.04781
7793,1764217.59112
7794,1080045.80063
7795,2086091.97233
7796,1694336.05369
7797,1374996.61254
7798,1240868.50806
